id,type,value
2016-12-04-21h-11m-reddit-comments-54nrcs.csv,char_len_count,973.0
2016-12-04-21h-11m-reddit-comments-54nrcs.csv,char_len_std,125.42291009836862
2016-12-04-21h-11m-reddit-comments-54nrcs.csv,char_len_min,4.0
2016-12-04-21h-11m-reddit-comments-54nrcs.csv,char_len_max,1344.0
2016-12-04-21h-11m-reddit-comments-54nrcs.csv,char_len_50%,94.0
2016-12-04-21h-11m-reddit-comments-54nrcs.csv,char_len_25%,55.0
2016-12-04-21h-11m-reddit-comments-54nrcs.csv,char_len_75%,160.0
2016-12-04-21h-11m-reddit-comments-54nrcs.csv,char_len_mean,128.00102774922919
2016-12-04-21h-11m-reddit-comments-54nrcs.csv,word_len_count,973.0
2016-12-04-21h-11m-reddit-comments-54nrcs.csv,word_len_std,24.474745909482543
2016-12-04-21h-11m-reddit-comments-54nrcs.csv,word_len_min,1.0
2016-12-04-21h-11m-reddit-comments-54nrcs.csv,word_len_max,264.0
2016-12-04-21h-11m-reddit-comments-54nrcs.csv,word_len_50%,19.0
2016-12-04-21h-11m-reddit-comments-54nrcs.csv,word_len_25%,12.0
2016-12-04-21h-11m-reddit-comments-54nrcs.csv,word_len_75%,34.0
2016-12-04-21h-11m-reddit-comments-54nrcs.csv,word_len_mean,26.521068859198355
2016-12-04-21h-11m-reddit-comments-54nrcs.csv,sent_len_count,973.0
2016-12-04-21h-11m-reddit-comments-54nrcs.csv,sent_len_std,1.3461220391401127
2016-12-04-21h-11m-reddit-comments-54nrcs.csv,sent_len_min,1.0
2016-12-04-21h-11m-reddit-comments-54nrcs.csv,sent_len_max,14.0
2016-12-04-21h-11m-reddit-comments-54nrcs.csv,sent_len_50%,2.0
2016-12-04-21h-11m-reddit-comments-54nrcs.csv,sent_len_25%,1.0
2016-12-04-21h-11m-reddit-comments-54nrcs.csv,sent_len_75%,2.0
2016-12-04-21h-11m-reddit-comments-54nrcs.csv,sent_len_mean,1.895169578622816
2016-12-04-21h-11m-reddit-comments-54nrcs.csv,TTR_count,973.0
2016-12-04-21h-11m-reddit-comments-54nrcs.csv,TTR_std,0.091740804270006041
2016-12-04-21h-11m-reddit-comments-54nrcs.csv,TTR_min,0.59848484848484851
2016-12-04-21h-11m-reddit-comments-54nrcs.csv,TTR_max,1.0
2016-12-04-21h-11m-reddit-comments-54nrcs.csv,TTR_50%,0.92307692307692313
2016-12-04-21h-11m-reddit-comments-54nrcs.csv,TTR_25%,0.83870967741935487
2016-12-04-21h-11m-reddit-comments-54nrcs.csv,TTR_75%,1.0
2016-12-04-21h-11m-reddit-comments-54nrcs.csv,TTR_mean,0.90764895085553876
2016-12-04-21h-11m-reddit-comments-54nrcs.csv,TTR_p100_,0.9643424657534247
2016-12-04-21h-11m-reddit-comments-54nrcs.csv,FRE_count,973.0
2016-12-04-21h-11m-reddit-comments-54nrcs.csv,FRE_std,26.836955784817267
2016-12-04-21h-11m-reddit-comments-54nrcs.csv,FRE_min,-95.408360655737667
2016-12-04-21h-11m-reddit-comments-54nrcs.csv,FRE_max,205.82000000000002
2016-12-04-21h-11m-reddit-comments-54nrcs.csv,FRE_50%,94.8039285714286
2016-12-04-21h-11m-reddit-comments-54nrcs.csv,FRE_25%,78.810000000000031
2016-12-04-21h-11m-reddit-comments-54nrcs.csv,FRE_75%,112.5788888888889
2016-12-04-21h-11m-reddit-comments-54nrcs.csv,FRE_mean,96.355270022811197
id,type,value
2016-12-04-21h-11m-reddit-comments-56psaa.csv,char_len_count,1091.0
2016-12-04-21h-11m-reddit-comments-56psaa.csv,char_len_std,165.25574404225225
2016-12-04-21h-11m-reddit-comments-56psaa.csv,char_len_min,7.0
2016-12-04-21h-11m-reddit-comments-56psaa.csv,char_len_max,1730.0
2016-12-04-21h-11m-reddit-comments-56psaa.csv,char_len_50%,97.0
2016-12-04-21h-11m-reddit-comments-56psaa.csv,char_len_25%,55.0
2016-12-04-21h-11m-reddit-comments-56psaa.csv,char_len_75%,154.5
2016-12-04-21h-11m-reddit-comments-56psaa.csv,char_len_mean,136.92850595783685
2016-12-04-21h-11m-reddit-comments-56psaa.csv,word_len_count,1091.0
2016-12-04-21h-11m-reddit-comments-56psaa.csv,word_len_std,31.835692645155724
2016-12-04-21h-11m-reddit-comments-56psaa.csv,word_len_min,1.0
2016-12-04-21h-11m-reddit-comments-56psaa.csv,word_len_max,276.0
2016-12-04-21h-11m-reddit-comments-56psaa.csv,word_len_50%,21.0
2016-12-04-21h-11m-reddit-comments-56psaa.csv,word_len_25%,12.0
2016-12-04-21h-11m-reddit-comments-56psaa.csv,word_len_75%,32.0
2016-12-04-21h-11m-reddit-comments-56psaa.csv,word_len_mean,28.366636113657194
2016-12-04-21h-11m-reddit-comments-56psaa.csv,sent_len_count,1091.0
2016-12-04-21h-11m-reddit-comments-56psaa.csv,sent_len_std,1.9307318805915399
2016-12-04-21h-11m-reddit-comments-56psaa.csv,sent_len_min,1.0
2016-12-04-21h-11m-reddit-comments-56psaa.csv,sent_len_max,23.0
2016-12-04-21h-11m-reddit-comments-56psaa.csv,sent_len_50%,1.0
2016-12-04-21h-11m-reddit-comments-56psaa.csv,sent_len_25%,1.0
2016-12-04-21h-11m-reddit-comments-56psaa.csv,sent_len_75%,2.0
2016-12-04-21h-11m-reddit-comments-56psaa.csv,sent_len_mean,2.0788267644362968
2016-12-04-21h-11m-reddit-comments-56psaa.csv,TTR_count,1091.0
2016-12-04-21h-11m-reddit-comments-56psaa.csv,TTR_std,0.10390453658082179
2016-12-04-21h-11m-reddit-comments-56psaa.csv,TTR_min,0.42857142857142855
2016-12-04-21h-11m-reddit-comments-56psaa.csv,TTR_max,1.0
2016-12-04-21h-11m-reddit-comments-56psaa.csv,TTR_50%,0.91891891891891897
2016-12-04-21h-11m-reddit-comments-56psaa.csv,TTR_25%,0.84615384615384615
2016-12-04-21h-11m-reddit-comments-56psaa.csv,TTR_75%,1.0
2016-12-04-21h-11m-reddit-comments-56psaa.csv,TTR_mean,0.90093928261559642
2016-12-04-21h-11m-reddit-comments-56psaa.csv,TTR_p100_,0.9649350649350649
2016-12-04-21h-11m-reddit-comments-56psaa.csv,FRE_count,1091.0
2016-12-04-21h-11m-reddit-comments-56psaa.csv,FRE_std,28.873512806810282
2016-12-04-21h-11m-reddit-comments-56psaa.csv,FRE_min,-21.809999999999945
2016-12-04-21h-11m-reddit-comments-56psaa.csv,FRE_max,204.80500000000001
2016-12-04-21h-11m-reddit-comments-56psaa.csv,FRE_50%,92.965000000000003
2016-12-04-21h-11m-reddit-comments-56psaa.csv,FRE_25%,78.462960526315797
2016-12-04-21h-11m-reddit-comments-56psaa.csv,FRE_75%,112.55714285714286
2016-12-04-21h-11m-reddit-comments-56psaa.csv,FRE_mean,95.795050886391309
id,type,value
2016-12-04-21h-11m-reddit-comments-58eh18.csv,char_len_count,961.0
2016-12-04-21h-11m-reddit-comments-58eh18.csv,char_len_std,195.05585348898302
2016-12-04-21h-11m-reddit-comments-58eh18.csv,char_len_min,4.0
2016-12-04-21h-11m-reddit-comments-58eh18.csv,char_len_max,2569.0
2016-12-04-21h-11m-reddit-comments-58eh18.csv,char_len_50%,96.0
2016-12-04-21h-11m-reddit-comments-58eh18.csv,char_len_25%,55.0
2016-12-04-21h-11m-reddit-comments-58eh18.csv,char_len_75%,173.0
2016-12-04-21h-11m-reddit-comments-58eh18.csv,char_len_mean,151.02185223725286
2016-12-04-21h-11m-reddit-comments-58eh18.csv,word_len_count,961.0
2016-12-04-21h-11m-reddit-comments-58eh18.csv,word_len_std,41.246904281612572
2016-12-04-21h-11m-reddit-comments-58eh18.csv,word_len_min,1.0
2016-12-04-21h-11m-reddit-comments-58eh18.csv,word_len_max,615.0
2016-12-04-21h-11m-reddit-comments-58eh18.csv,word_len_50%,21.0
2016-12-04-21h-11m-reddit-comments-58eh18.csv,word_len_25%,12.0
2016-12-04-21h-11m-reddit-comments-58eh18.csv,word_len_75%,36.0
2016-12-04-21h-11m-reddit-comments-58eh18.csv,word_len_mean,31.691987513007284
2016-12-04-21h-11m-reddit-comments-58eh18.csv,sent_len_count,961.0
2016-12-04-21h-11m-reddit-comments-58eh18.csv,sent_len_std,2.0232203246647886
2016-12-04-21h-11m-reddit-comments-58eh18.csv,sent_len_min,1.0
2016-12-04-21h-11m-reddit-comments-58eh18.csv,sent_len_max,39.0
2016-12-04-21h-11m-reddit-comments-58eh18.csv,sent_len_50%,2.0
2016-12-04-21h-11m-reddit-comments-58eh18.csv,sent_len_25%,1.0
2016-12-04-21h-11m-reddit-comments-58eh18.csv,sent_len_75%,2.0
2016-12-04-21h-11m-reddit-comments-58eh18.csv,sent_len_mean,2.1342351716961496
2016-12-04-21h-11m-reddit-comments-58eh18.csv,TTR_count,961.0
2016-12-04-21h-11m-reddit-comments-58eh18.csv,TTR_std,0.1127762213843429
2016-12-04-21h-11m-reddit-comments-58eh18.csv,TTR_min,0.33333333333333331
2016-12-04-21h-11m-reddit-comments-58eh18.csv,TTR_max,1.0
2016-12-04-21h-11m-reddit-comments-58eh18.csv,TTR_50%,0.91666666666666663
2016-12-04-21h-11m-reddit-comments-58eh18.csv,TTR_25%,0.84615384615384615
2016-12-04-21h-11m-reddit-comments-58eh18.csv,TTR_75%,1.0
2016-12-04-21h-11m-reddit-comments-58eh18.csv,TTR_mean,0.89475801102020847
2016-12-04-21h-11m-reddit-comments-58eh18.csv,TTR_p100_,0.9638524590163934
2016-12-04-21h-11m-reddit-comments-58eh18.csv,FRE_count,961.0
2016-12-04-21h-11m-reddit-comments-58eh18.csv,FRE_std,30.829107559029243
2016-12-04-21h-11m-reddit-comments-58eh18.csv,FRE_min,-132.57999999999996
2016-12-04-21h-11m-reddit-comments-58eh18.csv,FRE_max,205.82000000000002
2016-12-04-21h-11m-reddit-comments-58eh18.csv,FRE_50%,94.532500000000041
2016-12-04-21h-11m-reddit-comments-58eh18.csv,FRE_25%,78.810000000000031
2016-12-04-21h-11m-reddit-comments-58eh18.csv,FRE_75%,110.05500000000001
2016-12-04-21h-11m-reddit-comments-58eh18.csv,FRE_mean,95.626418593132769
id,type,value
2016-12-04-21h-11m-reddit-comments.csv,char_len_count,3025.0
2016-12-04-21h-11m-reddit-comments.csv,char_len_std,164.27169254812796
2016-12-04-21h-11m-reddit-comments.csv,char_len_min,4.0
2016-12-04-21h-11m-reddit-comments.csv,char_len_max,2569.0
2016-12-04-21h-11m-reddit-comments.csv,char_len_50%,96.0
2016-12-04-21h-11m-reddit-comments.csv,char_len_25%,55.0
2016-12-04-21h-11m-reddit-comments.csv,char_len_75%,161.0
2016-12-04-21h-11m-reddit-comments.csv,char_len_mean,138.32297520661157
2016-12-04-21h-11m-reddit-comments.csv,word_len_count,3025.0
2016-12-04-21h-11m-reddit-comments.csv,word_len_std,33.201704300854018
2016-12-04-21h-11m-reddit-comments.csv,word_len_min,1.0
2016-12-04-21h-11m-reddit-comments.csv,word_len_max,615.0
2016-12-04-21h-11m-reddit-comments.csv,word_len_50%,20.0
2016-12-04-21h-11m-reddit-comments.csv,word_len_25%,12.0
2016-12-04-21h-11m-reddit-comments.csv,word_len_75%,34.0
2016-12-04-21h-11m-reddit-comments.csv,word_len_mean,28.829421487603305
2016-12-04-21h-11m-reddit-comments.csv,sent_len_count,3025.0
2016-12-04-21h-11m-reddit-comments.csv,sent_len_std,1.7988071851489749
2016-12-04-21h-11m-reddit-comments.csv,sent_len_min,1.0
2016-12-04-21h-11m-reddit-comments.csv,sent_len_max,39.0
2016-12-04-21h-11m-reddit-comments.csv,sent_len_50%,2.0
2016-12-04-21h-11m-reddit-comments.csv,sent_len_25%,1.0
2016-12-04-21h-11m-reddit-comments.csv,sent_len_75%,2.0
2016-12-04-21h-11m-reddit-comments.csv,sent_len_mean,2.0373553719008264
2016-12-04-21h-11m-reddit-comments.csv,TTR_count,3025.0
2016-12-04-21h-11m-reddit-comments.csv,TTR_std,0.10325180459640201
2016-12-04-21h-11m-reddit-comments.csv,TTR_min,0.33333333333333331
2016-12-04-21h-11m-reddit-comments.csv,TTR_max,1.0
2016-12-04-21h-11m-reddit-comments.csv,TTR_50%,0.92000000000000004
2016-12-04-21h-11m-reddit-comments.csv,TTR_25%,0.84210526315789469
2016-12-04-21h-11m-reddit-comments.csv,TTR_75%,1.0
2016-12-04-21h-11m-reddit-comments.csv,TTR_mean,0.90113376367156584
2016-12-04-21h-11m-reddit-comments.csv,TTR_p100_,0.9645161290322579
2016-12-04-21h-11m-reddit-comments.csv,FRE_count,3025.0
2016-12-04-21h-11m-reddit-comments.csv,FRE_std,28.875918230027054
2016-12-04-21h-11m-reddit-comments.csv,FRE_min,-132.57999999999996
2016-12-04-21h-11m-reddit-comments.csv,FRE_max,205.82000000000002
2016-12-04-21h-11m-reddit-comments.csv,FRE_50%,94.510174418604677
2016-12-04-21h-11m-reddit-comments.csv,FRE_25%,78.707857142857165
2016-12-04-21h-11m-reddit-comments.csv,FRE_75%,112.08500000000001
2016-12-04-21h-11m-reddit-comments.csv,FRE_mean,95.921674881734987
id,type,value
2016-12-04-19h-43m-youtube-comments-855Am6ovK7s.csv,char_len_count,1165.0
2016-12-04-19h-43m-youtube-comments-855Am6ovK7s.csv,char_len_std,256.95117804337963
2016-12-04-19h-43m-youtube-comments-855Am6ovK7s.csv,char_len_min,1.0
2016-12-04-19h-43m-youtube-comments-855Am6ovK7s.csv,char_len_max,3378.0
2016-12-04-19h-43m-youtube-comments-855Am6ovK7s.csv,char_len_50%,67.0
2016-12-04-19h-43m-youtube-comments-855Am6ovK7s.csv,char_len_25%,32.0
2016-12-04-19h-43m-youtube-comments-855Am6ovK7s.csv,char_len_75%,138.0
2016-12-04-19h-43m-youtube-comments-855Am6ovK7s.csv,char_len_mean,138.45407725321888
2016-12-04-19h-43m-youtube-comments-855Am6ovK7s.csv,word_len_count,1165.0
2016-12-04-19h-43m-youtube-comments-855Am6ovK7s.csv,word_len_std,51.197518699414999
2016-12-04-19h-43m-youtube-comments-855Am6ovK7s.csv,word_len_min,1.0
2016-12-04-19h-43m-youtube-comments-855Am6ovK7s.csv,word_len_max,680.0
2016-12-04-19h-43m-youtube-comments-855Am6ovK7s.csv,word_len_50%,14.0
2016-12-04-19h-43m-youtube-comments-855Am6ovK7s.csv,word_len_25%,7.0
2016-12-04-19h-43m-youtube-comments-855Am6ovK7s.csv,word_len_75%,29.0
2016-12-04-19h-43m-youtube-comments-855Am6ovK7s.csv,word_len_mean,28.450643776824034
2016-12-04-19h-43m-youtube-comments-855Am6ovK7s.csv,sent_len_count,1165.0
2016-12-04-19h-43m-youtube-comments-855Am6ovK7s.csv,sent_len_std,2.7328097614933871
2016-12-04-19h-43m-youtube-comments-855Am6ovK7s.csv,sent_len_min,1.0
2016-12-04-19h-43m-youtube-comments-855Am6ovK7s.csv,sent_len_max,48.0
2016-12-04-19h-43m-youtube-comments-855Am6ovK7s.csv,sent_len_50%,1.0
2016-12-04-19h-43m-youtube-comments-855Am6ovK7s.csv,sent_len_25%,1.0
2016-12-04-19h-43m-youtube-comments-855Am6ovK7s.csv,sent_len_75%,2.0
2016-12-04-19h-43m-youtube-comments-855Am6ovK7s.csv,sent_len_mean,2.0652360515021457
2016-12-04-19h-43m-youtube-comments-855Am6ovK7s.csv,TTR_count,1165.0
2016-12-04-19h-43m-youtube-comments-855Am6ovK7s.csv,TTR_std,0.132900105595432
2016-12-04-19h-43m-youtube-comments-855Am6ovK7s.csv,TTR_min,0.2413793103448276
2016-12-04-19h-43m-youtube-comments-855Am6ovK7s.csv,TTR_max,1.0
2016-12-04-19h-43m-youtube-comments-855Am6ovK7s.csv,TTR_50%,0.94117647058823528
2016-12-04-19h-43m-youtube-comments-855Am6ovK7s.csv,TTR_25%,0.82432432432432434
2016-12-04-19h-43m-youtube-comments-855Am6ovK7s.csv,TTR_75%,1.0
2016-12-04-19h-43m-youtube-comments-855Am6ovK7s.csv,TTR_mean,0.89432116520018745
2016-12-04-19h-43m-youtube-comments-855Am6ovK7s.csv,TTR_p100_,1.0
2016-12-04-19h-43m-youtube-comments-855Am6ovK7s.csv,FRE_count,1165.0
2016-12-04-19h-43m-youtube-comments-855Am6ovK7s.csv,FRE_std,37.5362188458327
2016-12-04-19h-43m-youtube-comments-855Am6ovK7s.csv,FRE_min,-158.15470588235291
2016-12-04-19h-43m-youtube-comments-855Am6ovK7s.csv,FRE_max,205.82000000000002
2016-12-04-19h-43m-youtube-comments-855Am6ovK7s.csv,FRE_50%,94.350000000000023
2016-12-04-19h-43m-youtube-comments-855Am6ovK7s.csv,FRE_25%,78.245000000000019
2016-12-04-19h-43m-youtube-comments-855Am6ovK7s.csv,FRE_75%,116.14500000000001
2016-12-04-19h-43m-youtube-comments-855Am6ovK7s.csv,FRE_mean,98.847369275241988
id,type,value
2016-12-04-19h-43m-youtube-comments-FRlI2SQ0Ueg.csv,char_len_count,1211.0
2016-12-04-19h-43m-youtube-comments-FRlI2SQ0Ueg.csv,char_len_std,285.93174850062104
2016-12-04-19h-43m-youtube-comments-FRlI2SQ0Ueg.csv,char_len_min,2.0
2016-12-04-19h-43m-youtube-comments-FRlI2SQ0Ueg.csv,char_len_max,6430.0
2016-12-04-19h-43m-youtube-comments-FRlI2SQ0Ueg.csv,char_len_50%,64.0
2016-12-04-19h-43m-youtube-comments-FRlI2SQ0Ueg.csv,char_len_25%,33.0
2016-12-04-19h-43m-youtube-comments-FRlI2SQ0Ueg.csv,char_len_75%,129.0
2016-12-04-19h-43m-youtube-comments-FRlI2SQ0Ueg.csv,char_len_mean,129.9157720891825
2016-12-04-19h-43m-youtube-comments-FRlI2SQ0Ueg.csv,word_len_count,1211.0
2016-12-04-19h-43m-youtube-comments-FRlI2SQ0Ueg.csv,word_len_std,55.631082545058938
2016-12-04-19h-43m-youtube-comments-FRlI2SQ0Ueg.csv,word_len_min,1.0
2016-12-04-19h-43m-youtube-comments-FRlI2SQ0Ueg.csv,word_len_max,1262.0
2016-12-04-19h-43m-youtube-comments-FRlI2SQ0Ueg.csv,word_len_50%,14.0
2016-12-04-19h-43m-youtube-comments-FRlI2SQ0Ueg.csv,word_len_25%,7.0
2016-12-04-19h-43m-youtube-comments-FRlI2SQ0Ueg.csv,word_len_75%,26.5
2016-12-04-19h-43m-youtube-comments-FRlI2SQ0Ueg.csv,word_len_mean,26.555739058629232
2016-12-04-19h-43m-youtube-comments-FRlI2SQ0Ueg.csv,sent_len_count,1211.0
2016-12-04-19h-43m-youtube-comments-FRlI2SQ0Ueg.csv,sent_len_std,2.2731034896180939
2016-12-04-19h-43m-youtube-comments-FRlI2SQ0Ueg.csv,sent_len_min,1.0
2016-12-04-19h-43m-youtube-comments-FRlI2SQ0Ueg.csv,sent_len_max,47.0
2016-12-04-19h-43m-youtube-comments-FRlI2SQ0Ueg.csv,sent_len_50%,1.0
2016-12-04-19h-43m-youtube-comments-FRlI2SQ0Ueg.csv,sent_len_25%,1.0
2016-12-04-19h-43m-youtube-comments-FRlI2SQ0Ueg.csv,sent_len_75%,2.0
2016-12-04-19h-43m-youtube-comments-FRlI2SQ0Ueg.csv,sent_len_mean,1.9190751445086704
2016-12-04-19h-43m-youtube-comments-FRlI2SQ0Ueg.csv,TTR_count,1211.0
2016-12-04-19h-43m-youtube-comments-FRlI2SQ0Ueg.csv,TTR_std,0.12824594099073883
2016-12-04-19h-43m-youtube-comments-FRlI2SQ0Ueg.csv,TTR_min,0.20689655172413793
2016-12-04-19h-43m-youtube-comments-FRlI2SQ0Ueg.csv,TTR_max,1.0
2016-12-04-19h-43m-youtube-comments-FRlI2SQ0Ueg.csv,TTR_50%,0.94117647058823528
2016-12-04-19h-43m-youtube-comments-FRlI2SQ0Ueg.csv,TTR_25%,0.8389189189189189
2016-12-04-19h-43m-youtube-comments-FRlI2SQ0Ueg.csv,TTR_75%,1.0
2016-12-04-19h-43m-youtube-comments-FRlI2SQ0Ueg.csv,TTR_mean,0.90224067618143566
2016-12-04-19h-43m-youtube-comments-FRlI2SQ0Ueg.csv,TTR_p100_,0.9992307692307693
2016-12-04-19h-43m-youtube-comments-FRlI2SQ0Ueg.csv,FRE_count,1211.0
2016-12-04-19h-43m-youtube-comments-FRlI2SQ0Ueg.csv,FRE_std,34.250820941706934
2016-12-04-19h-43m-youtube-comments-FRlI2SQ0Ueg.csv,FRE_min,-108.81492610837437
2016-12-04-19h-43m-youtube-comments-FRlI2SQ0Ueg.csv,FRE_max,205.82000000000002
2016-12-04-19h-43m-youtube-comments-FRlI2SQ0Ueg.csv,FRE_50%,95.849456521739157
2016-12-04-19h-43m-youtube-comments-FRlI2SQ0Ueg.csv,FRE_25%,78.245000000000019
2016-12-04-19h-43m-youtube-comments-FRlI2SQ0Ueg.csv,FRE_75%,117.07506578947368
2016-12-04-19h-43m-youtube-comments-FRlI2SQ0Ueg.csv,FRE_mean,98.283591053780313
id,type,value
2016-12-04-19h-43m-youtube-comments-smkyorC5qwc.csv,char_len_count,1182.0
2016-12-04-19h-43m-youtube-comments-smkyorC5qwc.csv,char_len_std,318.67448817333974
2016-12-04-19h-43m-youtube-comments-smkyorC5qwc.csv,char_len_min,1.0
2016-12-04-19h-43m-youtube-comments-smkyorC5qwc.csv,char_len_max,3760.0
2016-12-04-19h-43m-youtube-comments-smkyorC5qwc.csv,char_len_50%,69.0
2016-12-04-19h-43m-youtube-comments-smkyorC5qwc.csv,char_len_25%,33.0
2016-12-04-19h-43m-youtube-comments-smkyorC5qwc.csv,char_len_75%,144.0
2016-12-04-19h-43m-youtube-comments-smkyorC5qwc.csv,char_len_mean,156.83840947546531
2016-12-04-19h-43m-youtube-comments-smkyorC5qwc.csv,word_len_count,1182.0
2016-12-04-19h-43m-youtube-comments-smkyorC5qwc.csv,word_len_std,63.170277481342879
2016-12-04-19h-43m-youtube-comments-smkyorC5qwc.csv,word_len_min,1.0
2016-12-04-19h-43m-youtube-comments-smkyorC5qwc.csv,word_len_max,733.0
2016-12-04-19h-43m-youtube-comments-smkyorC5qwc.csv,word_len_50%,15.0
2016-12-04-19h-43m-youtube-comments-smkyorC5qwc.csv,word_len_25%,7.0
2016-12-04-19h-43m-youtube-comments-smkyorC5qwc.csv,word_len_75%,30.0
2016-12-04-19h-43m-youtube-comments-smkyorC5qwc.csv,word_len_mean,32.233502538071065
2016-12-04-19h-43m-youtube-comments-smkyorC5qwc.csv,sent_len_count,1182.0
2016-12-04-19h-43m-youtube-comments-smkyorC5qwc.csv,sent_len_std,2.972449601039429
2016-12-04-19h-43m-youtube-comments-smkyorC5qwc.csv,sent_len_min,1.0
2016-12-04-19h-43m-youtube-comments-smkyorC5qwc.csv,sent_len_max,33.0
2016-12-04-19h-43m-youtube-comments-smkyorC5qwc.csv,sent_len_50%,1.0
2016-12-04-19h-43m-youtube-comments-smkyorC5qwc.csv,sent_len_25%,1.0
2016-12-04-19h-43m-youtube-comments-smkyorC5qwc.csv,sent_len_75%,2.0
2016-12-04-19h-43m-youtube-comments-smkyorC5qwc.csv,sent_len_mean,2.2021996615905244
2016-12-04-19h-43m-youtube-comments-smkyorC5qwc.csv,TTR_count,1182.0
2016-12-04-19h-43m-youtube-comments-smkyorC5qwc.csv,TTR_std,0.14737488022955444
2016-12-04-19h-43m-youtube-comments-smkyorC5qwc.csv,TTR_min,0.054263565891472867
2016-12-04-19h-43m-youtube-comments-smkyorC5qwc.csv,TTR_max,1.0
2016-12-04-19h-43m-youtube-comments-smkyorC5qwc.csv,TTR_50%,0.93333333333333335
2016-12-04-19h-43m-youtube-comments-smkyorC5qwc.csv,TTR_25%,0.80645161290322576
2016-12-04-19h-43m-youtube-comments-smkyorC5qwc.csv,TTR_75%,1.0
2016-12-04-19h-43m-youtube-comments-smkyorC5qwc.csv,TTR_mean,0.88382069239582384
2016-12-04-19h-43m-youtube-comments-smkyorC5qwc.csv,TTR_p100_,1.0
2016-12-04-19h-43m-youtube-comments-smkyorC5qwc.csv,FRE_count,1182.0
2016-12-04-19h-43m-youtube-comments-smkyorC5qwc.csv,FRE_std,34.47397138995899
2016-12-04-19h-43m-youtube-comments-smkyorC5qwc.csv,FRE_min,-181.98350746268653
2016-12-04-19h-43m-youtube-comments-smkyorC5qwc.csv,FRE_max,205.82000000000002
2016-12-04-19h-43m-youtube-comments-smkyorC5qwc.csv,FRE_50%,95.420000000000002
2016-12-04-19h-43m-youtube-comments-smkyorC5qwc.csv,FRE_25%,77.61097938322942
2016-12-04-19h-43m-youtube-comments-smkyorC5qwc.csv,FRE_75%,115.54769230769233
2016-12-04-19h-43m-youtube-comments-smkyorC5qwc.csv,FRE_mean,98.17897032089833
id,type,value
2016-12-04-19h-43m-youtube-comments.csv,char_len_count,3558.0
2016-12-04-19h-43m-youtube-comments.csv,char_len_std,288.55191545726979
2016-12-04-19h-43m-youtube-comments.csv,char_len_min,1.0
2016-12-04-19h-43m-youtube-comments.csv,char_len_max,6430.0
2016-12-04-19h-43m-youtube-comments.csv,char_len_50%,66.0
2016-12-04-19h-43m-youtube-comments.csv,char_len_25%,33.0
2016-12-04-19h-43m-youtube-comments.csv,char_len_75%,138.0
2016-12-04-19h-43m-youtube-comments.csv,char_len_mean,141.65542439572795
2016-12-04-19h-43m-youtube-comments.csv,word_len_count,3558.0
2016-12-04-19h-43m-youtube-comments.csv,word_len_std,56.930386613724821
2016-12-04-19h-43m-youtube-comments.csv,word_len_min,1.0
2016-12-04-19h-43m-youtube-comments.csv,word_len_max,1262.0
2016-12-04-19h-43m-youtube-comments.csv,word_len_50%,14.0
2016-12-04-19h-43m-youtube-comments.csv,word_len_25%,7.0
2016-12-04-19h-43m-youtube-comments.csv,word_len_75%,28.0
2016-12-04-19h-43m-youtube-comments.csv,word_len_mean,29.062394603709951
2016-12-04-19h-43m-youtube-comments.csv,sent_len_count,3558.0
2016-12-04-19h-43m-youtube-comments.csv,sent_len_std,2.6736968516528816
2016-12-04-19h-43m-youtube-comments.csv,sent_len_min,1.0
2016-12-04-19h-43m-youtube-comments.csv,sent_len_max,48.0
2016-12-04-19h-43m-youtube-comments.csv,sent_len_50%,1.0
2016-12-04-19h-43m-youtube-comments.csv,sent_len_25%,1.0
2016-12-04-19h-43m-youtube-comments.csv,sent_len_75%,2.0
2016-12-04-19h-43m-youtube-comments.csv,sent_len_mean,2.0609893198426081
2016-12-04-19h-43m-youtube-comments.csv,TTR_count,3558.0
2016-12-04-19h-43m-youtube-comments.csv,TTR_std,0.13654083785741111
2016-12-04-19h-43m-youtube-comments.csv,TTR_min,0.054263565891472867
2016-12-04-19h-43m-youtube-comments.csv,TTR_max,1.0
2016-12-04-19h-43m-youtube-comments.csv,TTR_50%,0.94117647058823528
2016-12-04-19h-43m-youtube-comments.csv,TTR_25%,0.8214285714285714
2016-12-04-19h-43m-youtube-comments.csv,TTR_75%,1.0
2016-12-04-19h-43m-youtube-comments.csv,TTR_mean,0.893528295313605
2016-12-04-19h-43m-youtube-comments.csv,TTR_p100_,0.9997222222222223
2016-12-04-19h-43m-youtube-comments.csv,FRE_count,3558.0
2016-12-04-19h-43m-youtube-comments.csv,FRE_std,35.423381852198091
2016-12-04-19h-43m-youtube-comments.csv,FRE_min,-181.98350746268653
2016-12-04-19h-43m-youtube-comments.csv,FRE_max,205.82000000000002
2016-12-04-19h-43m-youtube-comments.csv,FRE_50%,95.165000000000006
2016-12-04-19h-43m-youtube-comments.csv,FRE_25%,78.135036231884072
2016-12-04-19h-43m-youtube-comments.csv,FRE_75%,116.14500000000001
2016-12-04-19h-43m-youtube-comments.csv,FRE_mean,98.433433639990696
