id,word,frequency
2016-12-04-21h-11m-reddit-comments-54nrcs.csv,trump,283
2016-12-04-21h-11m-reddit-comments-54nrcs.csv,debate,129
2016-12-04-21h-11m-reddit-comments-54nrcs.csv,like,124
2016-12-04-21h-11m-reddit-comments-54nrcs.csv,hillary,123
2016-12-04-21h-11m-reddit-comments-54nrcs.csv,said,112
2016-12-04-21h-11m-reddit-comments-54nrcs.csv,think,87
2016-12-04-21h-11m-reddit-comments-54nrcs.csv,would,82
2016-12-04-21h-11m-reddit-comments-54nrcs.csv,one,75
2016-12-04-21h-11m-reddit-comments-54nrcs.csv,people,66
2016-12-04-21h-11m-reddit-comments-54nrcs.csv,even,60
2016-12-04-21h-11m-reddit-comments-54nrcs.csv,know,58
2016-12-04-21h-11m-reddit-comments-54nrcs.csv,really,57
2016-12-04-21h-11m-reddit-comments-54nrcs.csv,clinton,57
2016-12-04-21h-11m-reddit-comments-54nrcs.csv,got,50
2016-12-04-21h-11m-reddit-comments-54nrcs.csv,black,49
2016-12-04-21h-11m-reddit-comments-54nrcs.csv,good,47
2016-12-04-21h-11m-reddit-comments-54nrcs.csv,something,47
2016-12-04-21h-11m-reddit-comments-54nrcs.csv,war,46
2016-12-04-21h-11m-reddit-comments-54nrcs.csv,say,44
2016-12-04-21h-11m-reddit-comments-54nrcs.csv,could,42
id,word,frequency
2016-12-04-21h-11m-reddit-comments-56psaa.csv,trump,263
2016-12-04-21h-11m-reddit-comments-56psaa.csv,like,127
2016-12-04-21h-11m-reddit-comments-56psaa.csv,would,120
2016-12-04-21h-11m-reddit-comments-56psaa.csv,people,115
2016-12-04-21h-11m-reddit-comments-56psaa.csv,question,99
2016-12-04-21h-11m-reddit-comments-56psaa.csv,debate,91
2016-12-04-21h-11m-reddit-comments-56psaa.csv,said,78
2016-12-04-21h-11m-reddit-comments-56psaa.csv,one,76
2016-12-04-21h-11m-reddit-comments-56psaa.csv,hillary,75
2016-12-04-21h-11m-reddit-comments-56psaa.csv,think,74
2016-12-04-21h-11m-reddit-comments-56psaa.csv,really,65
2016-12-04-21h-11m-reddit-comments-56psaa.csv,clinton,61
2016-12-04-21h-11m-reddit-comments-56psaa.csv,know,58
2016-12-04-21h-11m-reddit-comments-56psaa.csv,see,57
2016-12-04-21h-11m-reddit-comments-56psaa.csv,well,57
2016-12-04-21h-11m-reddit-comments-56psaa.csv,isis,55
2016-12-04-21h-11m-reddit-comments-56psaa.csv,get,54
2016-12-04-21h-11m-reddit-comments-56psaa.csv,even,53
2016-12-04-21h-11m-reddit-comments-56psaa.csv,time,50
2016-12-04-21h-11m-reddit-comments-56psaa.csv,talk,50
id,word,frequency
2016-12-04-21h-11m-reddit-comments-58eh18.csv,trump,278
2016-12-04-21h-11m-reddit-comments-58eh18.csv,like,133
2016-12-04-21h-11m-reddit-comments-58eh18.csv,would,110
2016-12-04-21h-11m-reddit-comments-58eh18.csv,clinton,102
2016-12-04-21h-11m-reddit-comments-58eh18.csv,hillary,95
2016-12-04-21h-11m-reddit-comments-58eh18.csv,people,88
2016-12-04-21h-11m-reddit-comments-58eh18.csv,think,81
2016-12-04-21h-11m-reddit-comments-58eh18.csv,debate,78
2016-12-04-21h-11m-reddit-comments-58eh18.csv,election,73
2016-12-04-21h-11m-reddit-comments-58eh18.csv,'re,72
2016-12-04-21h-11m-reddit-comments-58eh18.csv,could,67
2016-12-04-21h-11m-reddit-comments-58eh18.csv,way,65
2016-12-04-21h-11m-reddit-comments-58eh18.csv,said,64
2016-12-04-21h-11m-reddit-comments-58eh18.csv,time,64
2016-12-04-21h-11m-reddit-comments-58eh18.csv,--,64
2016-12-04-21h-11m-reddit-comments-58eh18.csv,one,62
2016-12-04-21h-11m-reddit-comments-58eh18.csv,going,59
2016-12-04-21h-11m-reddit-comments-58eh18.csv,really,58
2016-12-04-21h-11m-reddit-comments-58eh18.csv,even,54
2016-12-04-21h-11m-reddit-comments-58eh18.csv,actually,54
id,word,frequency
2016-12-04-21h-11m-reddit-comments.csv,trump,824
2016-12-04-21h-11m-reddit-comments.csv,like,384
2016-12-04-21h-11m-reddit-comments.csv,would,312
2016-12-04-21h-11m-reddit-comments.csv,debate,298
2016-12-04-21h-11m-reddit-comments.csv,hillary,293
2016-12-04-21h-11m-reddit-comments.csv,people,269
2016-12-04-21h-11m-reddit-comments.csv,said,254
2016-12-04-21h-11m-reddit-comments.csv,think,242
2016-12-04-21h-11m-reddit-comments.csv,clinton,220
2016-12-04-21h-11m-reddit-comments.csv,one,213
2016-12-04-21h-11m-reddit-comments.csv,really,180
2016-12-04-21h-11m-reddit-comments.csv,even,167
2016-12-04-21h-11m-reddit-comments.csv,could,158
2016-12-04-21h-11m-reddit-comments.csv,time,154
2016-12-04-21h-11m-reddit-comments.csv,'re,152
2016-12-04-21h-11m-reddit-comments.csv,know,151
2016-12-04-21h-11m-reddit-comments.csv,question,151
2016-12-04-21h-11m-reddit-comments.csv,actually,140
2016-12-04-21h-11m-reddit-comments.csv,say,131
2016-12-04-21h-11m-reddit-comments.csv,get,131
id,word,frequency
2016-12-04-19h-43m-youtube-comments-855Am6ovK7s.csv,trump,509
2016-12-04-19h-43m-youtube-comments-855Am6ovK7s.csv,hillary,286
2016-12-04-19h-43m-youtube-comments-855Am6ovK7s.csv,president,143
2016-12-04-19h-43m-youtube-comments-855Am6ovK7s.csv,donald,137
2016-12-04-19h-43m-youtube-comments-855Am6ovK7s.csv,people,131
2016-12-04-19h-43m-youtube-comments-855Am6ovK7s.csv,clinton,131
2016-12-04-19h-43m-youtube-comments-855Am6ovK7s.csv,vote,123
2016-12-04-19h-43m-youtube-comments-855Am6ovK7s.csv,america,109
2016-12-04-19h-43m-youtube-comments-855Am6ovK7s.csv,like,109
2016-12-04-19h-43m-youtube-comments-855Am6ovK7s.csv,would,101
2016-12-04-19h-43m-youtube-comments-855Am6ovK7s.csv,country,79
2016-12-04-19h-43m-youtube-comments-855Am6ovK7s.csv,think,78
2016-12-04-19h-43m-youtube-comments-855Am6ovK7s.csv,make,74
2016-12-04-19h-43m-youtube-comments-855Am6ovK7s.csv,debate,74
2016-12-04-19h-43m-youtube-comments-855Am6ovK7s.csv,even,71
2016-12-04-19h-43m-youtube-comments-855Am6ovK7s.csv,us,67
2016-12-04-19h-43m-youtube-comments-855Am6ovK7s.csv,world,65
2016-12-04-19h-43m-youtube-comments-855Am6ovK7s.csv,go,65
2016-12-04-19h-43m-youtube-comments-855Am6ovK7s.csv,one,64
2016-12-04-19h-43m-youtube-comments-855Am6ovK7s.csv,want,62
id,word,frequency
2016-12-04-19h-43m-youtube-comments-FRlI2SQ0Ueg.csv,trump,486
2016-12-04-19h-43m-youtube-comments-FRlI2SQ0Ueg.csv,hillary,291
2016-12-04-19h-43m-youtube-comments-FRlI2SQ0Ueg.csv,donald,148
2016-12-04-19h-43m-youtube-comments-FRlI2SQ0Ueg.csv,clinton,144
2016-12-04-19h-43m-youtube-comments-FRlI2SQ0Ueg.csv,like,141
2016-12-04-19h-43m-youtube-comments-FRlI2SQ0Ueg.csv,people,137
2016-12-04-19h-43m-youtube-comments-FRlI2SQ0Ueg.csv,president,120
2016-12-04-19h-43m-youtube-comments-FRlI2SQ0Ueg.csv,america,109
2016-12-04-19h-43m-youtube-comments-FRlI2SQ0Ueg.csv,vote,103
2016-12-04-19h-43m-youtube-comments-FRlI2SQ0Ueg.csv,would,89
2016-12-04-19h-43m-youtube-comments-FRlI2SQ0Ueg.csv,debate,72
2016-12-04-19h-43m-youtube-comments-FRlI2SQ0Ueg.csv,country,68
2016-12-04-19h-43m-youtube-comments-FRlI2SQ0Ueg.csv,even,66
2016-12-04-19h-43m-youtube-comments-FRlI2SQ0Ueg.csv,going,66
2016-12-04-19h-43m-youtube-comments-FRlI2SQ0Ueg.csv,go,66
2016-12-04-19h-43m-youtube-comments-FRlI2SQ0Ueg.csv,world,64
2016-12-04-19h-43m-youtube-comments-FRlI2SQ0Ueg.csv,one,61
2016-12-04-19h-43m-youtube-comments-FRlI2SQ0Ueg.csv,think,58
2016-12-04-19h-43m-youtube-comments-FRlI2SQ0Ueg.csv,good,58
2016-12-04-19h-43m-youtube-comments-FRlI2SQ0Ueg.csv,get,56
id,word,frequency
2016-12-04-19h-43m-youtube-comments-smkyorC5qwc.csv,trump,608
2016-12-04-19h-43m-youtube-comments-smkyorC5qwc.csv,hillary,301
2016-12-04-19h-43m-youtube-comments-smkyorC5qwc.csv,people,206
2016-12-04-19h-43m-youtube-comments-smkyorC5qwc.csv,donald,165
2016-12-04-19h-43m-youtube-comments-smkyorC5qwc.csv,like,153
2016-12-04-19h-43m-youtube-comments-smkyorC5qwc.csv,vote,143
2016-12-04-19h-43m-youtube-comments-smkyorC5qwc.csv,clinton,143
2016-12-04-19h-43m-youtube-comments-smkyorC5qwc.csv,president,129
2016-12-04-19h-43m-youtube-comments-smkyorC5qwc.csv,would,106
2016-12-04-19h-43m-youtube-comments-smkyorC5qwc.csv,country,101
2016-12-04-19h-43m-youtube-comments-smkyorC5qwc.csv,america,98
2016-12-04-19h-43m-youtube-comments-smkyorC5qwc.csv,one,77
2016-12-04-19h-43m-youtube-comments-smkyorC5qwc.csv,even,75
2016-12-04-19h-43m-youtube-comments-smkyorC5qwc.csv,world,75
2016-12-04-19h-43m-youtube-comments-smkyorC5qwc.csv,get,67
2016-12-04-19h-43m-youtube-comments-smkyorC5qwc.csv,want,66
2016-12-04-19h-43m-youtube-comments-smkyorC5qwc.csv,going,66
2016-12-04-19h-43m-youtube-comments-smkyorC5qwc.csv,make,65
2016-12-04-19h-43m-youtube-comments-smkyorC5qwc.csv,go,65
2016-12-04-19h-43m-youtube-comments-smkyorC5qwc.csv,great,64
id,word,frequency
2016-12-04-19h-43m-youtube-comments.csv,trump,1603
2016-12-04-19h-43m-youtube-comments.csv,hillary,878
2016-12-04-19h-43m-youtube-comments.csv,people,474
2016-12-04-19h-43m-youtube-comments.csv,donald,450
2016-12-04-19h-43m-youtube-comments.csv,clinton,418
2016-12-04-19h-43m-youtube-comments.csv,like,403
2016-12-04-19h-43m-youtube-comments.csv,president,392
2016-12-04-19h-43m-youtube-comments.csv,vote,369
2016-12-04-19h-43m-youtube-comments.csv,america,316
2016-12-04-19h-43m-youtube-comments.csv,would,296
2016-12-04-19h-43m-youtube-comments.csv,country,248
2016-12-04-19h-43m-youtube-comments.csv,even,212
2016-12-04-19h-43m-youtube-comments.csv,world,204
2016-12-04-19h-43m-youtube-comments.csv,debate,204
2016-12-04-19h-43m-youtube-comments.csv,one,202
2016-12-04-19h-43m-youtube-comments.csv,think,197
2016-12-04-19h-43m-youtube-comments.csv,go,196
2016-12-04-19h-43m-youtube-comments.csv,make,188
2016-12-04-19h-43m-youtube-comments.csv,going,186
2016-12-04-19h-43m-youtube-comments.csv,us,180
